{
  "citation": "",
  "description": "",
  "features": {
    "input_ids": {
      "feature": {
        "dtype": "int32",
        "_type": "Value"
      },
      "_type": "Sequence"
    },
    "attention_mask": {
      "feature": {
        "dtype": "int8",
        "_type": "Value"
      },
      "_type": "Sequence"
    },
    "offset_mapping": {
      "feature": {
        "feature": {
          "dtype": "int64",
          "_type": "Value"
        },
        "_type": "Sequence"
      },
      "_type": "Sequence"
    },
    "labels": {
      "feature": {
        "dtype": "int64",
        "_type": "Value"
      },
      "_type": "Sequence"
    }
  },
  "homepage": "",
  "license": ""
}